{
  "gpt2": {
    "ranks": [
      10.108333333333333,
      10.25,
      9.85,
      9.533333333333333,
      9.475,
      8.566666666666666,
      9.216666666666667,
      8.241666666666667,
      9.308333333333334,
      8.308333333333334,
      8.833333333333332,
      9.666666666666668
    ],
    "gaps": [
      2.2050726890563963,
      4.101382400592168,
      4.430674358208973,
      8.608333401878674,
      9.28492417037487,
      61.48225113948187,
      23.791218193372092,
      47.25715762575467,
      15.41963696181774,
      24.74375102718671,
      22.51028453707695,
      16.122430765628813
    ],
    "num_layers": 12
  },
  "distilgpt2": {
    "ranks": [
      10.125,
      9.783333333333333,
      9.525,
      8.766666666666667,
      8.883333333333335,
      9.508333333333333
    ],
    "gaps": [
      2.903073236346245,
      6.3965296626091,
      7.986912262439728,
      50.120787903666496,
      16.86674561003844,
      18.50507320960363
    ],
    "num_layers": 6
  }
}