{
  "gpt2": {
    "ranks": [
      10.896666666666668,
      11.028333333333332,
      10.583333333333332,
      10.236666666666666,
      10.228333333333332,
      9.341666666666667,
      9.905,
      9.096666666666666,
      10.091666666666667,
      8.931666666666667,
      9.446666666666665,
      10.288333333333332
    ],
    "gaps": [
      2.132185521324476,
      4.0095379215478895,
      4.249952554106712,
      8.333195949792861,
      8.991452441016833,
      53.316773775617285,
      28.42484337568283,
      50.21062421063582,
      15.380551028847695,
      27.432854812939965,
      21.649062402447065,
      16.33324497838815
    ],
    "num_layers": 12
  },
  "distilgpt2": {
    "ranks": [
      10.89,
      10.573333333333332,
      10.295,
      9.498333333333333,
      9.538333333333334,
      10.148333333333333
    ],
    "gaps": [
      2.823970952828725,
      6.113537120819092,
      8.411129788756371,
      36.15886406600475,
      16.379594776233038,
      17.77607971350352
    ],
    "num_layers": 6
  },
  "facebook/opt-125m": {
    "ranks": [
      11.67,
      11.241666666666667,
      10.961666666666668,
      10.473333333333333,
      10.21,
      10.001666666666667,
      9.763333333333334,
      9.921666666666667,
      9.32,
      9.34,
      9.711666666666666,
      9.441666666666666
    ],
    "gaps": [
      2.466896252433459,
      14.544661895632744,
      19.93069172302882,
      15.288090260426204,
      17.630251371065775,
      15.698078055580456,
      18.06457288304965,
      35.29935249646505,
      56.84113933622837,
      27.555439273516335,
      13.687433511813481,
      33.228234640955925
    ],
    "num_layers": 12
  }
}